2014-09-20	394.673004
2014-09-21	408.084991
2014-09-22	399.100006
2014-09-23	402.092010
2014-09-24	435.751007
2014-09-25	423.156006
2014-09-26	411.428986
2014-09-27	403.556000
2014-09-28	399.471008
2014-09-29	376.928009
2014-09-30	376.088013
2014-10-01	387.427002
2014-10-02	383.988007
2014-10-03	375.181000
2014-10-04	359.891998
2014-10-05	328.915985
2014-10-06	320.389008
2014-10-07	330.584015
2014-10-08	336.115997
2014-10-09	352.747986
2014-10-10	364.687012
2014-10-11	361.362000
2014-10-12	362.605988
2014-10-13	377.920990
2014-10-14	391.691986
2014-10-15	400.954987
2014-10-16	394.518005
2014-10-17	382.756012
2014-10-18	383.976013
2014-10-19	391.253998
2014-10-20	389.230988
2014-10-21	382.420990
2014-10-22	386.118011
2014-10-23	382.962006
2014-10-24	358.591003
2014-10-25	358.610992
2014-10-26	347.487000
2014-10-27	354.777008
2014-10-28	353.214996
2014-10-29	357.088989
2014-10-30	335.709015
2014-10-31	345.009003
2014-11-01	338.649994
2014-11-02	326.075012
2014-11-03	325.569000
2014-11-04	327.161011
2014-11-05	330.683014
2014-11-06	339.458008
2014-11-07	349.817993
2014-11-08	342.153992
2014-11-09	345.376007
2014-11-10	362.265015
2014-11-11	365.856995
2014-11-12	367.984985
2014-11-13	427.273010
2014-11-14	418.416992
2014-11-15	399.649994
2014-11-16	374.730011
2014-11-17	388.348999
2014-11-18	387.785004
2014-11-19	373.895996
2014-11-20	380.307007
2014-11-21	357.878998
2014-11-22	351.604004
2014-11-23	353.174988
2014-11-24	366.947998
2014-11-25	376.885986
2014-11-26	376.019012
2014-11-27	370.502014
2014-11-28	369.373993
2014-11-29	376.152008
2014-11-30	375.510010
2014-12-01	378.248993
2014-12-02	379.250000
2014-12-03	381.721985
2014-12-04	375.717987
2014-12-05	369.441986
2014-12-06	376.756989
2014-12-07	374.835999
2014-12-08	374.964996
2014-12-09	361.894989
2014-12-10	352.204987
2014-12-11	344.339996
2014-12-12	350.833008
2014-12-13	352.381012
2014-12-14	346.726990
2014-12-15	351.360992
2014-12-16	345.673004
2014-12-17	326.855011
2014-12-18	319.785004
2014-12-19	311.178986
2014-12-20	317.618988
2014-12-21	329.542999
2014-12-22	321.067993
2014-12-23	332.016998
2014-12-24	334.385010
2014-12-25	322.286011
2014-12-26	319.152008
2014-12-27	327.583008
2014-12-28	316.160004
2014-12-29	317.700989
2014-12-30	312.718994
2014-12-31	310.914001
2015-01-01	320.434998
2015-01-02	314.079010
2015-01-03	314.846008
2015-01-04	281.145996
2015-01-05	265.084015
2015-01-06	274.610992
2015-01-07	286.076996
2015-01-08	294.135010
2015-01-09	282.382996
2015-01-10	287.303009
2015-01-11	274.608002
2015-01-12	266.145996
2015-01-13	267.394012
2015-01-14	223.893997
2015-01-15	176.897003
2015-01-16	209.070007
2015-01-17	207.834000
2015-01-18	200.050003
2015-01-19	211.470993
2015-01-20	212.906998
2015-01-21	211.378006
2015-01-22	227.322006
2015-01-23	233.516998
2015-01-24	232.699997
2015-01-25	247.352005
2015-01-26	254.078995
2015-01-27	273.166992
2015-01-28	263.351013
2015-01-29	233.348007
2015-01-30	232.772003
2015-01-31	226.440994
2015-02-01	216.867004
2015-02-02	226.490997
2015-02-03	237.453995
2015-02-04	227.511002
2015-02-05	227.664993
2015-02-06	216.923004
2015-02-07	222.632996
2015-02-08	227.692993
2015-02-09	223.389008
2015-02-10	220.281998
2015-02-11	219.731995
2015-02-12	219.207993
2015-02-13	221.968994
2015-02-14	235.528000
2015-02-15	257.506989
2015-02-16	234.824997
2015-02-17	233.421997
2015-02-18	243.779999
2015-02-19	236.410004
2015-02-20	240.251007
2015-02-21	243.751999
2015-02-22	244.544006
2015-02-23	235.994995
2015-02-24	238.998001
2015-02-25	238.889999
2015-02-26	237.337006
2015-02-27	236.436005
2015-02-28	253.520004
2015-03-01	254.283005
2015-03-02	260.356995
2015-03-03	275.045990
2015-03-04	281.989990
2015-03-05	272.739014
2015-03-06	275.600006
2015-03-07	272.294006
2015-03-08	276.433014
2015-03-09	274.812012
2015-03-10	289.862000
2015-03-11	291.524994
2015-03-12	296.127014
2015-03-13	294.118011
2015-03-14	284.441986
2015-03-15	281.424988
2015-03-16	285.684998
2015-03-17	290.595001
2015-03-18	285.066986
2015-03-19	255.880005
2015-03-20	260.955994
2015-03-21	261.644012
2015-03-22	259.916992
2015-03-23	267.894989
2015-03-24	266.576996
2015-03-25	247.472000
2015-03-26	246.276001
2015-03-27	248.565994
2015-03-28	246.975006
2015-03-29	252.740005
2015-03-30	242.878998
2015-03-31	247.453995
2015-04-01	244.223007
2015-04-02	247.089005
2015-04-03	253.074005
2015-04-04	254.291000
2015-04-05	253.761002
2015-04-06	260.721008
2015-04-07	255.274002
2015-04-08	253.063995
2015-04-09	244.751007
2015-04-10	243.694000
2015-04-11	236.016006
2015-04-12	236.535004
2015-04-13	235.949997
2015-04-14	224.759003
2015-04-15	219.072998
2015-04-16	223.917007
2015-04-17	228.574997
2015-04-18	222.852997
2015-04-19	223.455994
2015-04-20	222.612000
2015-04-21	224.619995
2015-04-22	235.602005
2015-04-23	234.052994
2015-04-24	235.970001
2015-04-25	231.235001
2015-04-26	226.410004
2015-04-27	219.429001
2015-04-28	228.968994
2015-04-29	225.591003
2015-04-30	225.692993
2015-05-01	235.938995
2015-05-02	232.341003
2015-05-03	234.880005
2015-05-04	240.356003
2015-05-05	238.852005
2015-05-06	236.248993
2015-05-07	229.662003
2015-05-08	237.203995
2015-05-09	243.768997
2015-05-10	241.729004
2015-05-11	240.298996
2015-05-12	242.145004
2015-05-13	241.397995
2015-05-14	236.214005
2015-05-15	236.955002
2015-05-16	237.643997
2015-05-17	236.009995
2015-05-18	236.886993
2015-05-19	233.037003
2015-05-20	231.889999
2015-05-21	234.016006
2015-05-22	235.320999
2015-05-23	240.285995
2015-05-24	238.975998
2015-05-25	240.927002
2015-05-26	237.104004
2015-05-27	237.065002
2015-05-28	237.257004
2015-05-29	237.376999
2015-05-30	237.091995
2015-05-31	233.134995
2015-06-01	230.233002
2015-06-02	222.893997
2015-06-03	225.735992
2015-06-04	225.772003
2015-06-05	224.154007
2015-06-06	225.005005
2015-06-07	225.595993
2015-06-08	222.878998
2015-06-09	228.537994
2015-06-10	228.994995
2015-06-11	228.854996
2015-06-12	229.705002
2015-06-13	229.919998
2015-06-14	232.442001
2015-06-15	233.421997
2015-06-16	236.764999
2015-06-17	250.822998
2015-06-18	249.427994
2015-06-19	249.042999
2015-06-20	244.529999
2015-06-21	245.100006
2015-06-22	243.968994
2015-06-23	246.927002
2015-06-24	244.281998
2015-06-25	240.365005
2015-06-26	242.604004
2015-06-27	243.548996
2015-06-28	250.955002
2015-06-29	248.720993
2015-06-30	257.036011
2015-07-01	263.345001
2015-07-02	258.552002
2015-07-03	255.459000
2015-07-04	256.490997
2015-07-05	260.804993
2015-07-06	271.108002
2015-07-07	269.963013
2015-07-08	265.981995
2015-07-09	270.826996
2015-07-10	269.156006
2015-07-11	284.880005
2015-07-12	293.140015
2015-07-13	310.826996
2015-07-14	292.033997
2015-07-15	288.045013
2015-07-16	286.041992
2015-07-17	278.091003
2015-07-18	279.330994
2015-07-19	274.766998
2015-07-20	273.498993
2015-07-21	278.881989
2015-07-22	275.657013
2015-07-23	277.341003
2015-07-24	276.005005
2015-07-25	288.164001
2015-07-26	288.640015
2015-07-27	292.639008
2015-07-28	293.632996
2015-07-29	294.484009
2015-07-30	289.102997
2015-07-31	287.696014
2015-08-01	284.686005
2015-08-02	280.449005
2015-08-03	282.806000
2015-08-04	281.225006
2015-08-05	284.846985
2015-08-06	281.906006
2015-08-07	278.740997
2015-08-08	279.742004
2015-08-09	261.115997
2015-08-10	265.477997
2015-08-11	264.342010
2015-08-12	270.597992
2015-08-13	266.183014
2015-08-14	264.131989
2015-08-15	265.528992
2015-08-16	261.865997
2015-08-17	258.489990
2015-08-18	257.925995
2015-08-19	225.671005
2015-08-20	226.899002
2015-08-21	235.354996
2015-08-22	232.662003
2015-08-23	230.376007
2015-08-24	228.112000
2015-08-25	210.067993
2015-08-26	222.076004
2015-08-27	226.050003
2015-08-28	224.701004
2015-08-29	231.548996
2015-08-30	229.895004
2015-08-31	229.113998
2015-09-01	230.255997
2015-09-02	228.026993
2015-09-03	229.324005
2015-09-04	227.214996
2015-09-05	230.199005
2015-09-06	234.869995
2015-09-07	239.934006
2015-09-08	239.845993
2015-09-09	243.414993
2015-09-10	238.335999
2015-09-11	238.328995
2015-09-12	239.854996
2015-09-13	235.242004
2015-09-14	230.608994
2015-09-15	230.492004
2015-09-16	230.250000
2015-09-17	229.076004
2015-09-18	233.520996
2015-09-19	232.858002
2015-09-20	231.399002
2015-09-21	231.216995
2015-09-22	226.968994
2015-09-23	230.936005
2015-09-24	230.358002
2015-09-25	234.362000
2015-09-26	235.076004
2015-09-27	234.139008
2015-09-28	232.835999
2015-09-29	239.016006
2015-09-30	236.639999
2015-10-01	236.003998
2015-10-02	237.264008
2015-10-03	237.201996
2015-10-04	238.531006
2015-10-05	238.147003
2015-10-06	240.363998
2015-10-07	246.169998
2015-10-08	243.074997
2015-10-09	242.498001
2015-10-10	243.740005
2015-10-11	244.742004
2015-10-12	246.875000
2015-10-13	245.199997
2015-10-14	249.492996
2015-10-15	252.106995
2015-10-16	254.296005
2015-10-17	262.747009
2015-10-18	270.907013
2015-10-19	261.860992
2015-10-20	263.571991
2015-10-21	269.306000
2015-10-22	266.496002
2015-10-23	273.648987
2015-10-24	276.503998
2015-10-25	281.445007
2015-10-26	283.627991
2015-10-27	285.181000
2015-10-28	293.703003
2015-10-29	304.324005
2015-10-30	313.942993
2015-10-31	328.511993
2015-11-01	315.005005
2015-11-02	325.941986
2015-11-03	361.872986
2015-11-04	403.664001
2015-11-05	408.076996
2015-11-06	388.046997
2015-11-07	374.269012
2015-11-08	384.278015
2015-11-09	374.324005
2015-11-10	379.984009
2015-11-11	339.820007
2015-11-12	314.079010
2015-11-13	338.497986
2015-11-14	336.623993
2015-11-15	333.050995
2015-11-16	319.734985
2015-11-17	330.362000
2015-11-18	334.592987
2015-11-19	334.678986
2015-11-20	326.411011
2015-11-21	322.092010
2015-11-22	326.975006
2015-11-23	324.350006
2015-11-24	323.014008
2015-11-25	320.045013
2015-11-26	328.303009
2015-11-27	351.860992
2015-11-28	357.140991
2015-11-29	357.471985
2015-11-30	371.437012
2015-12-01	377.414001
2015-12-02	361.845001
2015-12-03	359.330994
2015-12-04	361.261993
2015-12-05	363.721008
2015-12-06	389.554993
2015-12-07	389.977997
2015-12-08	395.753998
2015-12-09	414.441010
2015-12-10	417.988007
2015-12-11	415.281006
2015-12-12	452.334991
2015-12-13	431.660004
2015-12-14	433.272003
2015-12-15	443.877991
2015-12-16	465.208008
2015-12-17	454.777008
2015-12-18	455.846985
2015-12-19	463.552002
2015-12-20	462.234009
2015-12-21	442.838013
2015-12-22	437.436005
2015-12-23	436.720001
2015-12-24	443.091003
2015-12-25	454.855011
2015-12-26	455.756012
2015-12-27	416.514008
2015-12-28	423.342987
2015-12-29	422.097992
2015-12-30	433.299988
2015-12-31	425.875000
2016-01-01	430.721008
2016-01-02	434.622009
2016-01-03	433.578003
2016-01-04	430.061005
2016-01-05	433.069000
2016-01-06	431.855988
2016-01-07	430.010986
2016-01-08	457.537994
2016-01-09	453.382996
2016-01-10	448.238007
2016-01-11	448.697998
2016-01-12	448.182007
2016-01-13	434.665009
2016-01-14	432.287994
2016-01-15	430.255005
2016-01-16	365.072998
2016-01-17	387.152008
2016-01-18	381.733002
2016-01-19	387.026001
2016-01-20	379.739990
2016-01-21	419.631989
2016-01-22	409.751007
2016-01-23	382.433990
2016-01-24	388.101990
2016-01-25	402.316986
2016-01-26	392.002014
2016-01-27	392.444000
2016-01-28	395.145996
2016-01-29	380.108002
2016-01-30	378.864990
2016-01-31	378.292999
2016-02-01	369.350006
2016-02-02	372.920013
2016-02-03	374.645996
2016-02-04	370.174011
2016-02-05	388.898010
2016-02-06	386.588989
2016-02-07	376.514008
2016-02-08	376.756989
2016-02-09	373.423004
2016-02-10	376.145996
2016-02-11	382.114014
2016-02-12	379.686005
2016-02-13	384.640991
2016-02-14	392.932007
2016-02-15	407.567993
2016-02-16	401.432007
2016-02-17	407.656006
2016-02-18	416.571991
2016-02-19	422.730011
2016-02-20	421.601013
2016-02-21	437.773010
2016-02-22	438.989014
2016-02-23	438.255005
2016-02-24	420.955994
2016-02-25	425.036987
2016-02-26	424.628998
2016-02-27	432.838989
2016-02-28	432.571014
2016-02-29	433.437988
2016-03-01	437.916992
2016-03-02	435.131012
2016-03-03	423.911987
2016-03-04	421.835999
2016-03-05	410.781006
2016-03-06	400.524994
2016-03-07	407.756989
2016-03-08	414.464996
2016-03-09	413.894012
2016-03-10	414.743988
2016-03-11	417.238007
2016-03-12	421.605011
2016-03-13	411.648010
2016-03-14	414.200989
2016-03-15	416.388000
2016-03-16	416.888000
2016-03-17	417.889008
2016-03-18	420.546997
2016-03-19	409.265015
2016-03-20	410.401001
2016-03-21	413.417999
2016-03-22	413.131989
2016-03-23	418.161011
2016-03-24	418.424011
2016-03-25	416.507996
2016-03-26	417.364990
2016-03-27	418.140015
2016-03-28	426.548004
2016-03-29	424.303986
2016-03-30	416.834015
2016-03-31	415.256989
2016-04-01	416.760010
2016-04-02	418.421997
2016-04-03	421.173004
2016-04-04	421.299011
2016-04-05	421.016998
2016-04-06	424.283997
2016-04-07	423.619995
2016-04-08	422.907013
2016-04-09	420.811005
2016-04-10	419.592010
2016-04-11	421.872009
2016-04-12	422.842987
2016-04-13	425.631989
2016-04-14	423.934998
2016-04-15	424.427002
2016-04-16	429.575012
2016-04-17	430.635986
2016-04-18	427.610992
2016-04-19	428.703003
2016-04-20	435.324005
2016-04-21	441.415985
2016-04-22	449.687988
2016-04-23	445.860992
2016-04-24	450.559998
2016-04-25	459.121002
2016-04-26	461.648010
2016-04-27	466.261993
2016-04-28	445.037994
2016-04-29	449.407990
2016-04-30	455.178009
2016-05-01	448.484009
2016-05-02	451.933014
2016-05-03	444.726990
2016-05-04	450.183014
2016-05-05	446.710999
2016-05-06	447.941986
2016-05-07	459.639008
2016-05-08	458.428986
2016-05-09	458.205994
2016-05-10	460.518005
2016-05-11	450.864014
2016-05-12	452.446991
2016-05-13	454.850006
2016-05-14	455.822998
2016-05-15	455.759003
2016-05-16	457.585999
2016-05-17	454.009003
2016-05-18	453.691010
2016-05-19	454.523987
2016-05-20	437.792999
2016-05-21	442.966003
2016-05-22	443.217987
2016-05-23	439.347992
2016-05-24	444.290985
2016-05-25	446.062012
2016-05-26	449.671997
2016-05-27	453.520996
2016-05-28	473.028992
2016-05-29	527.476990
2016-05-30	528.471008
2016-05-31	534.190979
2016-06-01	531.106995
2016-06-02	536.515015
2016-06-03	537.682007
2016-06-04	569.705017
2016-06-05	573.307983
2016-06-06	574.601990
2016-06-07	585.445007
2016-06-08	577.166992
2016-06-09	582.203003
2016-06-10	575.836975
2016-06-11	578.674011
2016-06-12	609.684021
2016-06-13	671.653992
2016-06-14	704.504028
2016-06-15	685.684998
2016-06-16	696.523010
2016-06-17	768.487000
2016-06-18	748.755981
2016-06-19	756.687988
2016-06-20	763.927002
2016-06-21	735.882996
2016-06-22	665.914978
2016-06-23	597.442993
2016-06-24	625.575012
2016-06-25	665.281006
2016-06-26	665.931030
2016-06-27	629.348999
2016-06-28	658.101990
2016-06-29	644.122009
2016-06-30	640.591003
2016-07-01	672.515015
2016-07-02	676.734009
2016-07-03	704.968018
2016-07-04	658.804016
2016-07-05	683.208984
2016-07-06	670.418030
2016-07-07	678.090027
2016-07-08	640.687988
2016-07-09	666.383972
2016-07-10	650.598999
2016-07-11	648.484009
2016-07-12	648.283020
2016-07-13	664.796997
2016-07-14	652.922974
2016-07-15	659.171021
2016-07-16	663.781006
2016-07-17	661.992981
2016-07-18	679.809021
2016-07-19	672.737976
2016-07-20	672.806030
2016-07-21	665.228027
2016-07-22	664.921997
2016-07-23	650.726013
2016-07-24	655.409973
2016-07-25	661.263000
2016-07-26	654.226013
2016-07-27	651.627014
2016-07-28	654.492004
2016-07-29	655.111023
2016-07-30	657.012024
2016-07-31	655.099976
2016-08-01	624.601990
2016-08-02	606.396973
2016-08-03	548.656006
2016-08-04	566.328979
2016-08-05	578.281006
2016-08-06	575.030029
2016-08-07	587.770996
2016-08-08	592.736023
2016-08-09	591.038025
2016-08-10	587.648010
2016-08-11	592.124023
2016-08-12	588.797974
2016-08-13	587.356995
2016-08-14	585.588989
2016-08-15	570.494019
2016-08-16	567.242981
2016-08-17	577.760986
2016-08-18	573.706970
2016-08-19	574.338989
2016-08-20	576.083984
2016-08-21	581.939026
2016-08-22	581.310974
2016-08-23	586.770996
2016-08-24	583.411987
2016-08-25	580.179993
2016-08-26	577.752991
2016-08-27	579.452026
2016-08-28	569.830017
2016-08-29	574.070984
2016-08-30	574.114014
2016-08-31	577.591003
2016-09-01	575.546021
2016-09-02	572.409973
2016-09-03	575.554993
2016-09-04	598.590027
2016-09-05	608.989990
2016-09-06	606.505981
2016-09-07	610.572998
2016-09-08	614.635010
2016-09-09	626.351990
2016-09-10	622.927002
2016-09-11	623.424011
2016-09-12	607.005005
2016-09-13	608.025024
2016-09-14	608.841003
2016-09-15	610.588013
2016-09-16	607.245972
2016-09-17	607.218018
2016-09-18	606.283020
2016-09-19	609.870972
2016-09-20	609.254028
2016-09-21	603.588013
2016-09-22	597.278992
2016-09-23	596.198975
2016-09-24	602.960999
2016-09-25	602.749023
2016-09-26	600.807007
2016-09-27	608.021973
2016-09-28	606.242981
2016-09-29	605.018982
2016-09-30	605.715027
2016-10-01	609.929016
2016-10-02	613.947998
2016-10-03	610.968018
2016-10-04	612.052002
2016-10-05	610.218018
2016-10-06	612.469971
2016-10-07	612.607971
2016-10-08	617.341003
2016-10-09	619.171997
2016-10-10	616.822021
2016-10-11	619.237976
2016-10-12	640.870972
2016-10-13	636.030029
2016-10-14	637.007996
2016-10-15	640.310974
2016-10-16	639.083008
2016-10-17	641.817993
2016-10-18	639.411011
2016-10-19	638.133972
2016-10-20	630.663025
2016-10-21	630.825012
2016-10-22	633.135986
2016-10-23	657.620972
2016-10-24	657.161011
2016-10-25	654.002014
2016-10-26	657.677979
2016-10-27	678.213989
2016-10-28	688.000000
2016-10-29	690.289001
2016-10-30	714.117981
2016-10-31	702.640015
2016-11-01	701.336975
2016-11-02	730.065979
2016-11-03	742.346008
2016-11-04	689.124023
2016-11-05	703.525024
2016-11-06	703.812012
2016-11-07	710.736023
2016-11-08	703.088989
2016-11-09	709.825012
2016-11-10	722.843994
2016-11-11	715.554993
2016-11-12	716.752014
2016-11-13	705.195984
2016-11-14	701.997009
2016-11-15	705.794006
2016-11-16	711.166992
2016-11-17	744.875977
2016-11-18	740.705017
2016-11-19	751.833008
2016-11-20	751.879028
2016-11-21	731.265015
2016-11-22	739.643005
2016-11-23	751.741028
2016-11-24	744.619995
2016-11-25	740.442017
2016-11-26	741.510986
2016-11-27	735.437012
2016-11-28	732.484009
2016-11-29	736.328979
2016-11-30	736.283997
2016-12-01	746.046021
2016-12-02	757.544983
2016-12-03	778.247986
2016-12-04	771.638000
2016-12-05	773.393982
2016-12-06	758.719971
2016-12-07	764.210999
2016-12-08	768.075989
2016-12-09	769.943970
2016-12-10	773.023010
2016-12-11	774.752014
2016-12-12	770.039978
2016-12-13	780.646973
2016-12-14	780.005005
2016-12-15	780.070007
2016-12-16	778.963013
2016-12-17	785.166016
2016-12-18	791.007996
2016-12-19	790.692017
2016-12-20	792.247009
2016-12-21	800.643982
2016-12-22	834.179993
2016-12-23	864.888000
2016-12-24	922.179993
2016-12-25	899.651978
2016-12-26	896.905029
2016-12-27	908.354004
2016-12-28	934.830994
2016-12-29	975.125000
2016-12-30	972.534973
2016-12-31	960.627014
2017-01-01	963.658020
2017-01-02	998.617004
2017-01-03	1021.599976
2017-01-04	1044.400024
2017-01-05	1156.729980
2017-01-06	1014.239990
2017-01-07	903.487000
2017-01-08	908.174988
2017-01-09	913.244019
2017-01-10	902.440002
2017-01-11	908.114990
2017-01-12	775.177979
2017-01-13	803.737000
2017-01-14	825.142029
2017-01-15	818.142029
2017-01-16	821.783020
2017-01-17	830.945984
2017-01-18	909.372986
2017-01-19	888.335022
2017-01-20	898.171997
2017-01-21	895.549011
2017-01-22	922.205017
2017-01-23	925.499023
2017-01-24	910.677002
2017-01-25	891.924011
2017-01-26	902.395020
2017-01-27	918.359009
2017-01-28	919.810974
2017-01-29	922.067017
2017-01-30	920.151001
2017-01-31	920.958984
2017-02-01	970.940979
2017-02-02	990.000977
2017-02-03	1011.460022
2017-02-04	1031.329956
2017-02-05	1043.520020
2017-02-06	1028.400024
2017-02-07	1040.140015
2017-02-08	1062.319946
2017-02-09	1064.699951
2017-02-10	995.632019
2017-02-11	988.898010
2017-02-12	1003.520020
2017-02-13	998.885010
2017-02-14	991.734985
2017-02-15	1006.210022
2017-02-16	1007.650024
2017-02-17	1026.119995
2017-02-18	1049.209961
2017-02-19	1054.760010
2017-02-20	1048.689941
2017-02-21	1079.280029
2017-02-22	1114.800049
2017-02-23	1117.270020
2017-02-24	1172.709961
2017-02-25	1170.410034
2017-02-26	1144.270020
2017-02-27	1163.780029
2017-02-28	1180.719971
2017-03-01	1180.040039
2017-03-02	1224.680054
2017-03-03	1250.709961
2017-03-04	1277.430054
2017-03-05	1254.290039
2017-03-06	1267.469971
2017-03-07	1273.209961
2017-03-08	1223.229980
2017-03-09	1150.349976
2017-03-10	1189.359985
2017-03-11	1116.319946
2017-03-12	1176.619995
2017-03-13	1221.780029
2017-03-14	1232.160034
2017-03-15	1240.160034
2017-03-16	1251.329956
2017-03-17	1180.160034
2017-03-18	1099.689941
2017-03-19	976.729980
2017-03-20	1037.239990
2017-03-21	1055.359985
2017-03-22	1120.650024
2017-03-23	1050.050049
2017-03-24	1038.449951
2017-03-25	936.539978
2017-03-26	974.015015
2017-03-27	972.054993
2017-03-28	1044.579956
2017-03-29	1046.079956
2017-03-30	1042.209961
2017-03-31	1026.640015
2017-04-01	1071.709961
2017-04-02	1080.609985
2017-04-03	1102.949951
2017-04-04	1145.520020
2017-04-05	1134.140015
2017-04-06	1125.810059
2017-04-07	1178.939941
2017-04-08	1172.650024
2017-04-09	1176.569946
2017-04-10	1187.300049
2017-04-11	1187.459961
2017-04-12	1204.810059
2017-04-13	1201.020020
2017-04-14	1170.329956
2017-04-15	1167.300049
2017-04-16	1172.609985
2017-04-17	1183.250000
2017-04-18	1193.770020
2017-04-19	1212.130005
2017-04-20	1211.079956
2017-04-21	1229.420044
2017-04-22	1222.709961
2017-04-23	1231.920044
2017-04-24	1209.630005
2017-04-25	1250.449951
2017-04-26	1265.989990
2017-04-27	1281.880005
2017-04-28	1317.739990
2017-04-29	1317.839966
2017-04-30	1321.869995
2017-05-01	1348.300049
2017-05-02	1421.030029
2017-05-03	1453.780029
2017-05-04	1490.719971
2017-05-05	1540.869995
2017-05-06	1556.810059
2017-05-07	1579.469971
2017-05-08	1596.920044
2017-05-09	1723.890015
2017-05-10	1756.520020
2017-05-11	1780.369995
2017-05-12	1845.760010
2017-05-13	1723.119995
2017-05-14	1800.859985
2017-05-15	1808.439941
2017-05-16	1741.699951
2017-05-17	1726.729980
2017-05-18	1818.699951
2017-05-19	1897.369995
2017-05-20	1984.239990
2017-05-21	2067.030029
2017-05-22	2043.189941
2017-05-23	2191.560059
2017-05-24	2321.370117
2017-05-25	2446.239990
2017-05-26	2320.889893
2017-05-27	2196.270020
2017-05-28	2054.080078
2017-05-29	2159.429932
2017-05-30	2255.360107
2017-05-31	2187.189941
2017-06-01	2288.330078
2017-06-02	2404.030029
2017-06-03	2493.719971
2017-06-04	2547.790039
2017-06-05	2512.399902
2017-06-06	2690.840088
2017-06-07	2869.379883
2017-06-08	2720.489990
2017-06-09	2807.439941
2017-06-10	2828.139893
2017-06-11	2942.409912
2017-06-12	2953.219971
2017-06-13	2680.909912
2017-06-14	2716.879883
2017-06-15	2499.580078
2017-06-16	2469.570068
2017-06-17	2514.010010
2017-06-18	2655.350098
2017-06-19	2549.030029
2017-06-20	2591.260010
2017-06-21	2709.429932
2017-06-22	2691.030029
2017-06-23	2707.340088
2017-06-24	2738.520020
2017-06-25	2607.250000
2017-06-26	2590.570068
2017-06-27	2478.449951
2017-06-28	2553.030029
2017-06-29	2567.560059
2017-06-30	2539.239990
2017-07-01	2492.600098
2017-07-02	2436.399902
2017-07-03	2498.560059
2017-07-04	2561.000000
2017-07-05	2602.870117
2017-07-06	2608.100098
2017-07-07	2608.590088
2017-07-08	2520.270020
2017-07-09	2572.610107
2017-07-10	2525.250000
2017-07-11	2385.889893
2017-07-12	2332.770020
2017-07-13	2402.699951
2017-07-14	2360.590088
2017-07-15	2230.120117
2017-07-16	1991.979980
2017-07-17	1932.619995
2017-07-18	2233.520020
2017-07-19	2323.080078
2017-07-20	2269.889893
2017-07-21	2838.409912
2017-07-22	2668.629883
2017-07-23	2808.100098
2017-07-24	2732.699951
2017-07-25	2757.500000
2017-07-26	2577.770020
2017-07-27	2538.709961
2017-07-28	2679.729980
2017-07-29	2807.020020
2017-07-30	2724.389893
2017-07-31	2763.239990
2017-08-01	2871.300049
2017-08-02	2727.129883
2017-08-03	2709.560059
2017-08-04	2806.929932
2017-08-05	2897.629883
2017-08-06	3257.610107
2017-08-07	3212.780029
2017-08-08	3370.219971
2017-08-09	3420.399902
2017-08-10	3341.840088
2017-08-11	3373.820068
2017-08-12	3650.629883
2017-08-13	3880.040039
2017-08-14	4066.100098
2017-08-15	4326.990234
2017-08-16	4200.339844
2017-08-17	4384.439941
2017-08-18	4324.339844
2017-08-19	4137.750000
2017-08-20	4189.310059
2017-08-21	4090.479980
2017-08-22	3998.350098
2017-08-23	4089.010010
2017-08-24	4137.600098
2017-08-25	4332.819824
2017-08-26	4372.060059
2017-08-27	4345.100098
2017-08-28	4384.450195
2017-08-29	4389.209961
2017-08-30	4570.359863
2017-08-31	4555.589844
2017-09-01	4701.759766
2017-09-02	4901.419922
2017-09-03	4585.270020
2017-09-04	4591.629883
2017-09-05	4228.290039
2017-09-06	4376.589844
2017-09-07	4589.140137
2017-09-08	4605.160156
2017-09-09	4229.810059
2017-09-10	4229.339844
2017-09-11	4122.470215
2017-09-12	4168.879883
2017-09-13	4131.979980
2017-09-14	3875.370117
2017-09-15	3166.300049
2017-09-16	3637.750000
2017-09-17	3606.280029
2017-09-18	3591.090088
2017-09-19	4073.790039
2017-09-20	3916.360107
2017-09-21	3901.469971
2017-09-22	3628.020020
2017-09-23	3629.919922
2017-09-24	3796.149902
2017-09-25	3681.580078
2017-09-26	3928.409912
2017-09-27	3892.939941
2017-09-28	4197.129883
2017-09-29	4171.620117
2017-09-30	4166.109863
2017-10-01	4341.049805
2017-10-02	4395.810059
2017-10-03	4408.459961
2017-10-04	4319.370117
2017-10-05	4229.879883
2017-10-06	4324.459961
2017-10-07	4369.350098
2017-10-08	4429.669922
2017-10-09	4614.520020
2017-10-10	4776.209961
2017-10-11	4789.250000
2017-10-12	4829.580078
2017-10-13	5464.160156
2017-10-14	5643.529785
2017-10-15	5835.959961
2017-10-16	5687.569824
2017-10-17	5741.580078
2017-10-18	5603.819824
2017-10-19	5583.740234
2017-10-20	5708.109863
2017-10-21	5996.790039
2017-10-22	6036.660156
2017-10-23	6006.000000
2017-10-24	5935.520020
2017-10-25	5524.600098
2017-10-26	5747.950195
2017-10-27	5899.740234
2017-10-28	5787.819824
2017-10-29	5754.439941
2017-10-30	6114.850098
2017-10-31	6132.020020
2017-11-01	6440.970215
2017-11-02	6777.770020
2017-11-03	7087.529785
2017-11-04	7164.479980
2017-11-05	7404.520020
2017-11-06	7403.220215
2017-11-07	7023.100098
2017-11-08	7141.379883
2017-11-09	7446.830078
2017-11-10	7173.729980
2017-11-11	6618.609863
2017-11-12	6295.450195
2017-11-13	5938.250000
2017-11-14	6561.479980
2017-11-15	6634.759766
2017-11-16	7323.240234
2017-11-17	7853.569824
2017-11-18	7697.209961
2017-11-19	7766.029785
2017-11-20	8039.069824
2017-11-21	8205.740234
2017-11-22	8077.950195
2017-11-23	8232.379883
2017-11-24	8074.020020
2017-11-25	8241.709961
2017-11-26	8789.040039
2017-11-27	9352.719727
2017-11-28	9823.429688
2017-11-29	10077.400391
2017-11-30	9906.790039
2017-12-01	10198.599609
2017-12-02	10978.299805
2017-12-03	11082.700195
2017-12-04	11315.400391
2017-12-05	11685.700195
2017-12-06	11923.400391
2017-12-07	14266.099609
2017-12-08	17802.900391
2017-12-09	16523.300781
2017-12-10	15168.400391
2017-12-11	15427.400391
2017-12-12	16919.800781
2017-12-13	17500.000000
2017-12-14	16384.599609
2017-12-15	16601.300781
2017-12-16	17760.300781
2017-12-17	19475.800781
2017-12-18	19106.400391
2017-12-19	19118.300781
2017-12-20	17760.300781
2017-12-21	16642.400391
2017-12-22	15898.000000
2017-12-23	13948.700195
2017-12-24	14608.200195
2017-12-25	13995.900391
2017-12-26	14036.599609
2017-12-27	16163.500000
2017-12-28	15864.099609
2017-12-29	14695.799805
2017-12-30	14681.900391
2017-12-31	12897.700195
2018-01-01	14112.200195
2018-01-02	13625.000000
2018-01-03	14978.200195
2018-01-04	15270.700195
2018-01-05	15477.200195
2018-01-06	17462.099609
2018-01-07	17527.300781
2018-01-08	16476.199219
2018-01-09	15123.700195
2018-01-10	14588.500000
2018-01-11	14968.200195
2018-01-12	13453.900391
2018-01-13	13952.400391
2018-01-14	14370.799805
2018-01-15	13767.299805
2018-01-16	13836.099609
2018-01-17	11431.099609
2018-01-18	11198.799805
2018-01-19	11429.799805
2018-01-20	11656.200195
2018-01-21	12889.200195
2018-01-22	11633.099609
2018-01-23	10944.500000
2018-01-24	10903.400391
2018-01-25	11421.700195
2018-01-26	11256.000000
2018-01-27	11174.900391
2018-01-28	11475.299805
2018-01-29	11755.500000
2018-01-30	11306.799805
2018-01-31	10108.200195
2018-02-01	10237.299805
2018-02-02	9142.280273
2018-02-03	8852.120117
2018-02-04	9175.700195
2018-02-05	8270.540039
2018-02-06	7051.750000
2018-02-07	7755.490234
2018-02-08	7637.859863
2018-02-09	8271.839844
2018-02-10	8720.080078
2018-02-11	8616.129883
2018-02-12	8141.430176
2018-02-13	8926.719727
2018-02-14	8599.919922
2018-02-15	9488.320313
2018-02-16	10135.700195
2018-02-17	10207.500000
2018-02-18	11123.400391
2018-02-19	10552.599609
2018-02-20	11231.799805
2018-02-21	11372.200195
2018-02-22	10660.400391
2018-02-23	9937.070313
2018-02-24	10287.700195
2018-02-25	9796.419922
2018-02-26	9669.429688
2018-02-27	10393.900391
2018-02-28	10687.200195
2018-03-01	10385.000000
2018-03-02	10977.400391
2018-03-03	11101.900391
2018-03-04	11497.400391
2018-03-05	11532.400391
2018-03-06	11500.099609
2018-03-07	10803.900391
2018-03-08	9951.440430
2018-03-09	9414.690430
2018-03-10	9350.589844
2018-03-11	8852.780273
2018-03-12	9602.929688
2018-03-13	9173.040039
2018-03-14	9214.650391
2018-03-15	8290.759766
2018-03-16	8322.910156
2018-03-17	8321.910156
2018-03-18	7890.520020
2018-03-19	8344.120117
2018-03-20	8619.669922
2018-03-21	8937.480469
2018-03-22	8939.440430
2018-03-23	8736.250000
2018-03-24	8901.950195
2018-03-25	8612.809570
2018-03-26	8498.469727
2018-03-27	8200.000000
2018-03-28	7836.830078
2018-03-29	7979.069824
2018-03-30	7171.450195
2018-03-31	6892.479980
2018-04-01	7003.060059
2018-04-02	6844.859863
2018-04-03	7102.259766
2018-04-04	7456.410156
2018-04-05	6848.649902
2018-04-06	6815.959961
2018-04-07	6630.509766
2018-04-08	6919.979980
2018-04-09	7044.319824
2018-04-10	6795.439941
2018-04-11	6843.470215
2018-04-12	6955.379883
2018-04-13	7901.089844
2018-04-14	7874.669922
2018-04-15	7999.330078
2018-04-16	8337.570313
2018-04-17	8071.660156
2018-04-18	7944.430176
2018-04-19	8159.270020
2018-04-20	8286.879883
2018-04-21	8848.790039
2018-04-22	8925.059570
2018-04-23	8794.389648
2018-04-24	8934.339844
2018-04-25	9701.030273
2018-04-26	8867.320313
2018-04-27	9290.629883
2018-04-28	8939.269531
2018-04-29	9346.410156
2018-04-30	9426.110352
2018-05-01	9251.469727
2018-05-02	9104.599609
2018-05-03	9233.969727
2018-05-04	9695.500000
2018-05-05	9700.280273
2018-05-06	9845.309570
2018-05-07	9645.669922
2018-05-08	9380.870117
2018-05-09	9223.730469
2018-05-10	9325.959961
2018-05-11	9052.959961
2018-05-12	8441.440430
2018-05-13	8515.490234
2018-05-14	8713.099609
2018-05-15	8705.190430
2018-05-16	8504.410156
2018-05-17	8370.049805
2018-05-18	8091.830078
2018-05-19	8255.730469
2018-05-20	8246.990234
2018-05-21	8522.330078
2018-05-22	8419.870117
2018-05-23	8037.080078
2018-05-24	7561.120117
2018-05-25	7592.299805
2018-05-26	7486.479980
2018-05-27	7362.080078
2018-05-28	7371.310059
2018-05-29	7129.459961
2018-05-30	7469.729980
2018-05-31	7406.149902
2018-06-01	7500.700195
2018-06-02	7536.720215
2018-06-03	7632.089844
2018-06-04	7722.529785
2018-06-05	7500.899902
2018-06-06	7625.970215
2018-06-07	7650.819824
2018-06-08	7685.140137
2018-06-09	7632.520020
2018-06-10	7499.549805
2018-06-11	6799.290039
2018-06-12	6905.819824
2018-06-13	6596.879883
2018-06-14	6342.750000
2018-06-15	6674.080078
2018-06-16	6455.450195
2018-06-17	6545.529785
2018-06-18	6510.069824
2018-06-19	6742.390137
2018-06-20	6770.759766
2018-06-21	6780.089844
2018-06-22	6737.879883
2018-06-23	6090.100098
2018-06-24	6164.279785
2018-06-25	6171.970215
2018-06-26	6253.549805
2018-06-27	6084.399902
2018-06-28	6153.160156
2018-06-29	5898.129883
2018-06-30	6214.220215
2018-07-01	6411.680176
2018-07-02	6380.379883
2018-07-03	6596.660156
2018-07-04	6550.870117
2018-07-05	6599.709961
2018-07-06	6638.689941
2018-07-07	6668.709961
2018-07-08	6857.799805
2018-07-09	6775.080078
2018-07-10	6739.209961
2018-07-11	6330.770020
2018-07-12	6396.779785
2018-07-13	6235.029785
2018-07-14	6247.500000
2018-07-15	6272.700195
2018-07-16	6357.009766
2018-07-17	6739.649902
2018-07-18	7315.319824
2018-07-19	7378.200195
2018-07-20	7467.399902
2018-07-21	7352.720215
2018-07-22	7417.799805
2018-07-23	7414.709961
2018-07-24	7716.509766
2018-07-25	8379.660156
2018-07-26	8176.850098
2018-07-27	7950.399902
2018-07-28	8169.060059
2018-07-29	8205.820313
2018-07-30	8221.580078
2018-07-31	8181.200195
2018-08-01	7769.040039
2018-08-02	7634.189941
2018-08-03	7562.140137
2018-08-04	7438.669922
2018-08-05	7031.080078
2018-08-06	7062.939941
2018-08-07	6958.319824
2018-08-08	6746.850098
2018-08-09	6305.560059
2018-08-10	6571.419922
2018-08-11	6185.790039
2018-08-12	6283.649902
2018-08-13	6341.359863
2018-08-14	6287.660156
2018-08-15	6221.419922
2018-08-16	6294.229980
2018-08-17	6340.910156
2018-08-18	6583.430176
2018-08-19	6422.569824
2018-08-20	6500.509766
2018-08-21	6301.069824
2018-08-22	6486.250000
2018-08-23	6371.339844
2018-08-24	6551.520020
2018-08-25	6719.950195
2018-08-26	6754.640137
2018-08-27	6710.799805
2018-08-28	6891.080078
2018-08-29	7091.709961
2018-08-30	7043.759766
2018-08-31	6973.970215
2018-09-01	7044.810059
2018-09-02	7189.580078
2018-09-03	7279.029785
2018-09-04	7263.000000
2018-09-05	7361.459961
2018-09-06	6755.140137
2018-09-07	6528.919922
2018-09-08	6460.169922
2018-09-09	6223.379883
2018-09-10	6301.569824
2018-09-11	6331.879883
2018-09-12	6317.009766
2018-09-13	6354.240234
2018-09-14	6515.410156
2018-09-15	6509.399902
2018-09-16	6536.680176
2018-09-17	6514.060059
2018-09-18	6280.910156
2018-09-19	6371.850098
2018-09-20	6398.850098
2018-09-21	6513.870117
2018-09-22	6735.049805
2018-09-23	6715.319824
2018-09-24	6704.770020
2018-09-25	6603.640137
2018-09-26	6452.790039
2018-09-27	6495.290039
2018-09-28	6678.750000
2018-09-29	6643.100098
2018-09-30	6604.709961
2018-10-01	6619.850098
2018-10-02	6593.240234
2018-10-03	6553.859863
2018-10-04	6497.910156
2018-10-05	6574.149902
2018-10-06	6622.450195
2018-10-07	6590.680176
2018-10-08	6600.189941
2018-10-09	6653.080078
2018-10-10	6640.290039
2018-10-11	6586.740234
2018-10-12	6239.250000
2018-10-13	6278.080078
2018-10-14	6288.490234
2018-10-15	6292.640137
2018-10-16	6601.410156
2018-10-17	6590.520020
2018-10-18	6542.330078
2018-10-19	6478.069824
2018-10-20	6460.919922
2018-10-21	6490.089844
2018-10-22	6486.049805
2018-10-23	6472.359863
2018-10-24	6478.890137
2018-10-25	6484.649902
2018-10-26	6468.439941
2018-10-27	6480.839844
2018-10-28	6482.660156
2018-10-29	6492.350098
2018-10-30	6337.040039
2018-10-31	6336.990234
2018-11-01	6318.140137
2018-11-02	6378.919922
2018-11-03	6387.240234
2018-11-04	6365.470215
2018-11-05	6363.620117
2018-11-06	6433.379883
2018-11-07	6468.500000
2018-11-08	6522.270020
2018-11-09	6442.600098
2018-11-10	6386.129883
2018-11-11	6413.629883
2018-11-12	6411.759766
2018-11-13	6373.189941
2018-11-14	6351.240234
2018-11-15	5736.149902
2018-11-16	5645.319824
2018-11-17	5578.580078
2018-11-18	5559.740234
2018-11-19	5620.779785
2018-11-20	4863.930176
2018-11-21	4465.540039
2018-11-22	4611.569824
2018-11-23	4360.700195
2018-11-24	4347.689941
2018-11-25	3880.780029
2018-11-26	4015.070068
2018-11-27	3765.949951
2018-11-28	3822.469971
2018-11-29	4269.004395
2018-11-30	4289.088867
2018-12-01	4024.464355
2018-12-02	4200.733398
2018-12-03	4147.323730
2018-12-04	3886.294922
2018-12-05	3958.894775
2018-12-06	3754.074463
2018-12-07	3512.590332
2018-12-08	3421.910400
2018-12-09	3473.227539
2018-12-10	3612.046387
2018-12-11	3497.554688
2018-12-12	3421.458252
2018-12-13	3487.879395
2018-12-14	3311.751953
2018-12-15	3243.997559
2018-12-16	3236.274658
2018-12-17	3253.123047
2018-12-18	3544.761475
2018-12-19	3706.824951
2018-12-20	3742.195068
2018-12-21	4133.703613
2018-12-22	3898.083740
2018-12-23	4020.994629
2018-12-24	4000.331787
2018-12-25	4081.030518
2018-12-26	3819.666748
2018-12-27	3854.688477
2018-12-28	3653.131836
2018-12-29	3932.491699
2018-12-30	3822.384766
2018-12-31	3866.839111
2019-01-01	3746.713379
2019-01-02	3849.216309
2019-01-03	3931.048584
2019-01-04	3832.040039
2019-01-05	3851.973877
2019-01-06	3836.519043
2019-01-07	4078.584961
2019-01-08	4028.472168
2019-01-09	4031.552002
2019-01-10	4034.411377
2019-01-11	3674.015381
2019-01-12	3686.973145
2019-01-13	3658.868164
2019-01-14	3557.311035
2019-01-15	3704.216309
2019-01-16	3631.509766
2019-01-17	3651.871094
2019-01-18	3677.990479
2019-01-19	3652.377930
2019-01-20	3725.446045
2019-01-21	3600.372803
2019-01-22	3575.081299
2019-01-23	3605.557129
2019-01-24	3584.500244
2019-01-25	3607.390381
2019-01-26	3599.715332
2019-01-27	3604.687256
2019-01-28	3584.283203
2019-01-29	3468.870117
2019-01-30	3443.896973
2019-01-31	3485.409180
2019-02-01	3460.547119
2019-02-02	3484.625977
2019-02-03	3516.139648
2019-02-04	3467.211670
2019-02-05	3454.950928
2019-02-06	3469.091797
2019-02-07	3414.929443
2019-02-08	3401.376465
2019-02-09	3671.585938
2019-02-10	3673.201416
2019-02-11	3695.613037
2019-02-12	3642.751953
2019-02-13	3653.604004
2019-02-14	3631.170166
2019-02-15	3617.368408
2019-02-16	3615.270264
2019-02-17	3633.359375
2019-02-18	3671.369873
2019-02-19	3911.661621
2019-02-20	3946.685059
2019-02-21	4000.256836
2019-02-22	3952.406494
2019-02-23	3998.916260
2019-02-24	4145.458008
2019-02-25	3807.002441
2019-02-26	3878.697266
2019-02-27	3857.479736
2019-02-28	3848.261963
2019-03-01	3853.757080
2019-03-02	3855.318115
2019-03-03	3862.266113
2019-03-04	3845.091553
2019-03-05	3759.832520
2019-03-06	3897.081055
2019-03-07	3903.384766
2019-03-08	3913.225830
2019-03-09	3894.552490
2019-03-10	3966.174316
2019-03-11	3953.740234
2019-03-12	3903.758301
2019-03-13	3913.047363
2019-03-14	3905.576904
2019-03-15	3926.663330
2019-03-16	3963.900146
2019-03-17	4047.719482
2019-03-18	4029.968506
2019-03-19	4032.691895
2019-03-20	4070.793945
2019-03-21	4083.953857
2019-03-22	4028.514648
2019-03-23	4022.713379
2019-03-24	4035.163574
2019-03-25	4024.112793
2019-03-26	3969.228760
2019-03-27	3984.244873
2019-03-28	4087.584473
2019-03-29	4068.299805
2019-03-30	4092.136230
2019-03-31	4105.456055
2019-04-01	4105.362305
2019-04-02	4156.919434
2019-04-03	4879.958008
2019-04-04	4971.307617
2019-04-05	4922.806152
2019-04-06	5036.792969
2019-04-07	5062.793945
2019-04-08	5199.835449
2019-04-09	5289.917969
2019-04-10	5204.105469
2019-04-11	5325.081543
2019-04-12	5061.200684
2019-04-13	5088.850098
2019-04-14	5095.758789
2019-04-15	5167.321777
2019-04-16	5066.577637
2019-04-17	5236.135254
2019-04-18	5251.480469
2019-04-19	5298.154297
2019-04-20	5304.160645
2019-04-21	5335.878906
2019-04-22	5312.494629
2019-04-23	5399.365723
2019-04-24	5571.508301
2019-04-25	5466.524414
2019-04-26	5210.304688
2019-04-27	5279.471191
2019-04-28	5271.746582
2019-04-29	5284.858398
2019-04-30	5247.726074
2019-05-01	5350.914551
2019-05-02	5402.422852
2019-05-03	5505.552246
2019-05-04	5769.202637
2019-05-05	5831.068359
2019-05-06	5791.693359
2019-05-07	5745.599121
2019-05-08	5849.481445
2019-05-09	5982.316406
2019-05-10	6175.822754
2019-05-11	6379.666992
2019-05-12	7203.507324
2019-05-13	6971.178223
2019-05-14	7807.884277
2019-05-15	7989.374512
2019-05-16	8194.500977
2019-05-17	7886.925781
2019-05-18	7341.664551
2019-05-19	7267.962891
2019-05-20	8196.923828
2019-05-21	7977.969238
2019-05-22	7956.291992
2019-05-23	7677.269043
2019-05-24	7881.695313
2019-05-25	7991.885254
2019-05-26	8055.206055
2019-05-27	8674.072266
2019-05-28	8802.757813
2019-05-29	8718.591797
2019-05-30	8661.760742
2019-05-31	8320.286133
2019-06-01	8573.839844
2019-06-02	8565.473633
2019-06-03	8741.747070
2019-06-04	8210.985352
2019-06-05	7704.343262
2019-06-06	7819.633301
2019-06-07	7826.901367
2019-06-08	8036.774902
2019-06-09	7949.674805
2019-06-10	7692.284668
2019-06-11	8004.243652
2019-06-12	7925.434082
2019-06-13	8145.545410
2019-06-14	8230.898438
2019-06-15	8689.746094
2019-06-16	8841.440430
2019-06-17	8988.923828
2019-06-18	9335.466797
2019-06-19	9078.727539
2019-06-20	9273.060547
2019-06-21	9525.074219
2019-06-22	10175.923828
2019-06-23	10696.691406
2019-06-24	10853.744141
2019-06-25	11007.202148
2019-06-26	11778.581055
2019-06-27	13017.125000
2019-06-28	11162.167969
2019-06-29	12400.763672
2019-06-30	11931.991211
2019-07-01	10796.930664
2019-07-02	10588.683594
2019-07-03	10818.156250
2019-07-04	11972.718750
2019-07-05	11203.102539
2019-07-06	10982.543945
2019-07-07	11217.616211
2019-07-08	11446.596680
2019-07-09	12284.326172
2019-07-10	12571.537109
2019-07-11	12139.713867
2019-07-12	11354.299805
2019-07-13	11813.126953
2019-07-14	11381.020508
2019-07-15	10257.838867
2019-07-16	10896.653320
2019-07-17	9471.213867
2019-07-18	9698.502930
2019-07-19	10653.956055
2019-07-20	10525.819336
2019-07-21	10777.529297
2019-07-22	10596.948242
2019-07-23	10346.748047
2019-07-24	9887.730469
2019-07-25	9809.096680
2019-07-26	9913.126953
2019-07-27	9871.165039
2019-07-28	9491.626953
2019-07-29	9548.178711
2019-07-30	9522.329102
2019-07-31	9604.050781
2019-08-01	10077.442383
2019-08-02	10402.042969
2019-08-03	10519.278320
2019-08-04	10821.632813
2019-08-05	10960.735352
2019-08-06	11811.544922
2019-08-07	11476.193359
2019-08-08	11954.040039
2019-08-09	11953.469727
2019-08-10	11861.556641
2019-08-11	11349.740234
2019-08-12	11528.189453
2019-08-13	11385.052734
2019-08-14	10889.487305
2019-08-15	10038.421875
2019-08-16	10319.419922
2019-08-17	10358.722656
2019-08-18	10233.005859
2019-08-19	10350.283203
2019-08-20	10916.346680
2019-08-21	10764.572266
2019-08-22	10142.521484
2019-08-23	10136.309570
2019-08-24	10407.644531
2019-08-25	10160.737305
2019-08-26	10126.299805
2019-08-27	10372.826172
2019-08-28	10203.426758
2019-08-29	9756.786133
2019-08-30	9514.844727
2019-08-31	9597.539063
2019-09-01	9630.592773
2019-09-02	9757.473633
2019-09-03	10345.725586
2019-09-04	10621.180664
2019-09-05	10588.183594
2019-09-06	10578.198242
2019-09-07	10353.931641
2019-09-08	10518.114258
2019-09-09	10443.228516
2019-09-10	10336.408203
2019-09-11	10123.035156
2019-09-12	10176.819336
2019-09-13	10415.362305
2019-09-14	10345.403320
2019-09-15	10356.465820
2019-09-16	10347.222656
2019-09-17	10281.513672
2019-09-18	10247.795898
2019-09-19	10200.496094
2019-09-20	10266.318359
2019-09-21	10183.648438
2019-09-22	10024.115234
2019-09-23	10067.962891
2019-09-24	9729.321289
2019-09-25	8603.428711
2019-09-26	8487.669922
2019-09-27	8113.101074
2019-09-28	8251.273438
2019-09-29	8246.037109
2019-09-30	8104.226563
2019-10-01	8299.720703
2019-10-02	8344.212891
2019-10-03	8390.774414
2019-10-04	8259.494141
2019-10-05	8210.149414
2019-10-06	8149.876953
2019-10-07	7989.120605
2019-10-08	8246.849609
2019-10-09	8229.840820
2019-10-10	8585.280273
2019-10-11	8585.262695
2019-10-12	8315.665039
2019-10-13	8336.902344
2019-10-14	8320.832031
2019-10-15	8373.458008
2019-10-16	8204.674805
2019-10-17	8047.812500
2019-10-18	8100.933594
2019-10-19	7973.803711
2019-10-20	7997.807129
2019-10-21	8225.115234
2019-10-22	8243.402344
2019-10-23	8076.228516
2019-10-24	7509.728027
2019-10-25	7490.703125
2019-10-26	8667.577148
2019-10-27	9241.707031
2019-10-28	9565.101563
2019-10-29	9248.440430
2019-10-30	9422.462891
2019-10-31	9202.458008
2019-11-01	9193.992188
2019-11-02	9259.783203
2019-11-03	9324.787109
2019-11-04	9235.607422
2019-11-05	9413.004883
2019-11-06	9340.864258
2019-11-07	9352.393555
2019-11-08	9265.368164
2019-11-09	8809.468750
2019-11-10	8812.489258
2019-11-11	9056.917969
2019-11-12	8759.751953
2019-11-13	8812.033203
2019-11-14	8811.936523
2019-11-15	8705.708008
2019-11-16	8491.166016
2019-11-17	8549.470703
2019-11-18	8573.980469
2019-11-19	8305.134766
2019-11-20	8203.613281
2019-11-21	8023.644531
2019-11-22	7643.569336
2019-11-23	7296.164551
2019-11-24	7398.633789
2019-11-25	7039.977051
2019-11-26	7145.159180
2019-11-27	7220.880859
2019-11-28	7536.820313
2019-11-29	7466.727051
2019-11-30	7764.057129
2019-12-01	7571.616211
2019-12-02	7424.036133
2019-12-03	7323.975586
2019-12-04	7320.125000
2019-12-05	7253.241699
2019-12-06	7450.561523
2019-12-07	7547.265625
2019-12-08	7551.338867
2019-12-09	7561.795410
2019-12-10	7397.134277
2019-12-11	7277.197754
2019-12-12	7216.738770
2019-12-13	7244.662109
2019-12-14	7268.902832
2019-12-15	7124.239746
2019-12-16	7153.663086
2019-12-17	6931.315430
2019-12-18	6647.698242
2019-12-19	7277.590820
2019-12-20	7208.636719
2019-12-21	7220.593750
2019-12-22	7191.188477
2019-12-23	7508.902344
2019-12-24	7354.393066
2019-12-25	7325.755859
2019-12-26	7274.799316
2019-12-27	7238.141113
2019-12-28	7289.031250
2019-12-29	7317.647461
2019-12-30	7420.272949
2019-12-31	7294.438965
2020-01-01	7194.892090
2020-01-02	7202.551270
2020-01-03	6984.428711
2020-01-04	7345.375488
2020-01-05	7410.451660
2020-01-06	7410.452148
2020-01-07	7768.682129
2020-01-08	8161.935547
2020-01-09	8082.295898
2020-01-10	7878.307617
2020-01-11	8162.190918
2020-01-12	8033.261719
2020-01-13	8189.771973
2020-01-14	8140.933105
2020-01-15	8825.343750
2020-01-16	8812.481445
2020-01-17	8725.209961
2020-01-18	8927.211914
2020-01-19	8941.445313
2020-01-20	8704.631836
2020-01-21	8658.991211
2020-01-22	8744.210938
2020-01-23	8680.650391
2020-01-24	8405.567383
2020-01-25	8440.119141
2020-01-26	8364.410156
2020-01-27	8597.308594
2020-01-28	8912.524414
2020-01-29	9357.470703
2020-01-30	9316.016602
2020-01-31	9508.313477
2020-02-01	9346.357422
2020-02-02	9389.820313
2020-02-03	9344.683594
2020-02-04	9292.841797
2020-02-05	9183.416016
2020-02-06	9617.821289
2020-02-07	9726.002930
2020-02-08	9793.070313
2020-02-09	9863.894531
2020-02-10	10115.559570
2020-02-11	9855.891602
2020-02-12	10202.387695
2020-02-13	10323.960938
2020-02-14	10211.550781
2020-02-15	10313.856445
2020-02-16	9889.179688
2020-02-17	9936.560547
2020-02-18	9691.230469
2020-02-19	10143.798828
2020-02-20	9629.325195
2020-02-21	9611.782227
2020-02-22	9687.707031
2020-02-23	9663.318359
2020-02-24	9921.583008
2020-02-25	9651.312500
2020-02-26	9338.290039
2020-02-27	8825.093750
2020-02-28	8788.728516
2020-02-29	8671.212891
2020-03-01	8599.758789
2020-03-02	8563.264648
2020-03-03	8865.387695
2020-03-04	8788.541992
2020-03-05	8760.285156
2020-03-06	9078.308594
2020-03-07	9121.600586
2020-03-08	8908.206055
2020-03-09	8111.146484
2020-03-10	7922.146973
2020-03-11	7910.089844
2020-03-12	7913.616211
2020-03-13	5017.831055
2020-03-14	5573.077637
2020-03-15	5201.066895
2020-03-16	5385.229492
2020-03-17	5002.578125
2020-03-18	5227.113770
2020-03-19	5245.416504
2020-03-20	6191.653809
2020-03-21	6206.521484
2020-03-22	6185.558105
2020-03-23	5831.374512
2020-03-24	6436.642578
2020-03-25	6738.716797
2020-03-26	6675.170898
2020-03-27	6719.389160
2020-03-28	6467.253906
2020-03-29	6245.624512
2020-03-30	5925.538574
2020-03-31	6430.606445
2020-04-01	6437.319336
2020-04-02	6606.776367
2020-04-03	6797.396484
2020-04-04	6738.382813
2020-04-05	6862.537598
2020-04-06	6788.049805
2020-04-07	7273.644043
2020-04-08	7179.283203
2020-04-09	7337.966309
2020-04-10	7303.815430
2020-04-11	6867.440430
2020-04-12	6858.067871
2020-04-13	6965.616699
2020-04-14	6843.281738
2020-04-15	6845.561523
2020-04-16	6640.454102
2020-04-17	null
2020-04-18	7092.291504
2020-04-19	7260.922363
2020-04-20	7186.873535
2020-04-21	6879.784180
2020-04-22	6879.440430
2020-04-23	7121.306152
2020-04-24	7434.181641
2020-04-25	7550.482910
2020-04-26	7570.139160
2020-04-27	7679.418945
2020-04-28	7796.970215
2020-04-29	7806.712402
2020-04-30	8797.669922
2020-05-01	8672.782227
2020-05-02	8869.057617
2020-05-03	8983.614258
2020-05-04	8895.745117
2020-05-05	8912.832031
2020-05-06	9007.441406
2020-05-07	9261.895508
2020-05-08	9936.162109
2020-05-09	9840.906250
2020-05-10	9591.168945
2020-05-11	8755.535156
2020-05-12	8610.385742
2020-05-13	8805.387695
2020-05-14	9271.329102
2020-05-15	9734.291016
2020-05-16	9333.240234
2020-05-17	9374.929688
2020-05-18	9675.695313
2020-05-19	9727.063477
2020-05-20	9725.329102
2020-05-21	9522.740234
2020-05-22	9080.334961
2020-05-23	9185.062500
2020-05-24	9212.283203
2020-05-25	8786.107422
2020-05-26	8909.585938
2020-05-27	8837.380859
2020-05-28	9184.945313
2020-05-29	9528.355469
2020-05-30	9438.914063
2020-05-31	9700.105469
2020-06-01	9463.605469
2020-06-02	10162.973633
2020-06-03	9533.760742
2020-06-04	9655.854492
2020-06-05	9800.215820
2020-06-06	9664.904297
2020-06-07	9653.002930
2020-06-08	9760.063477
2020-06-09	9774.360352
2020-06-10	9794.119141
2020-06-11	9870.078125
2020-06-12	9320.690430
2020-06-13	9480.735352
2020-06-14	9477.553711
2020-06-15	9386.035156
2020-06-16	9454.266602
2020-06-17	9533.784180
2020-06-18	9481.567383
2020-06-19	9410.293945
2020-06-20	9290.959961
2020-06-21	9330.926758
2020-06-22	9300.915039
2020-06-23	9644.076172
2020-06-24	9632.149414
2020-06-25	9314.126953
2020-06-26	9260.995117
2020-06-27	9167.824219
2020-06-28	9048.460938
2020-06-29	9140.029297
2020-06-30	9185.581055
2020-07-01	9145.985352
2020-07-02	9231.139648
2020-07-03	9124.842773
2020-07-04	9084.233398
2020-07-05	9126.090820
2020-07-06	9072.849609
2020-07-07	9349.161133
2020-07-08	9253.020508
2020-07-09	9427.994141
2020-07-10	9273.357422
2020-07-11	9277.511719
2020-07-12	9241.054688
2020-07-13	9277.205078
2020-07-14	9238.703125
2020-07-15	9241.897461
2020-07-16	9191.980469
2020-07-17	9131.812500
2020-07-18	9151.183594
2020-07-19	9158.005859
2020-07-20	9187.220703
2020-07-21	9162.514648
2020-07-22	9375.080078
2020-07-23	9527.141602
2020-07-24	9585.514648
2020-07-25	9539.485352
2020-07-26	9680.234375
2020-07-27	9905.217773
2020-07-28	11017.463867
2020-07-29	10912.953125
2020-07-30	11099.833008
2020-07-31	11110.210938
2020-08-01	11322.570313
2020-08-02	11758.764648
2020-08-03	11043.768555
2020-08-04	11246.203125
2020-08-05	11203.823242
2020-08-06	11749.871094
2020-08-07	11778.894531
2020-08-08	11604.553711
2020-08-09	11737.325195
2020-08-10	11662.256836
2020-08-11	11881.647461
2020-08-12	11404.596680
2020-08-13	11588.405273
2020-08-14	11772.659180
2020-08-15	11768.697266
2020-08-16	11866.685547
2020-08-17	11895.658203
2020-08-18	12251.895508
2020-08-19	11990.884766
2020-08-20	11761.500000
2020-08-21	11878.026367
2020-08-22	11585.477539
2020-08-23	11679.696289
2020-08-24	11663.689453
2020-08-25	11773.588867
2020-08-26	11366.894531
2020-08-27	11485.608398
2020-08-28	11325.295898
2020-08-29	11541.054688
2020-08-30	11508.713867
2020-08-31	11713.306641
2020-09-01	11679.316406
2020-09-02	11964.823242
2020-09-03	11407.191406
2020-09-04	10230.365234
2020-09-05	10512.530273
2020-09-06	10167.216797
2020-09-07	10280.998047
2020-09-08	10369.306641
2020-09-09	10134.151367
2020-09-10	10242.330078
2020-09-11	10369.028320
2020-09-12	10409.861328
2020-09-13	10452.399414
2020-09-14	10328.734375
2020-09-15	10677.754883
2020-09-16	10797.761719
2020-09-17	10973.251953
2020-09-18	10951.820313
2020-09-19	10933.752930
2020-09-20	11095.870117
2020-09-21	10934.925781
2020-09-22	10459.624023
2020-09-23	10539.457031
2020-09-24	10227.479492
2020-09-25	10747.472656
2020-09-26	10702.237305
2020-09-27	10752.939453
2020-09-28	10771.641602
2020-09-29	10712.462891
2020-09-30	10845.411133
2020-10-01	10785.010742
2020-10-02	10624.390625
2020-10-03	10583.806641
2020-10-04	10567.919922
2020-10-05	10688.034180
2020-10-06	10799.778320
2020-10-07	10619.803711
2020-10-08	10677.625000
2020-10-09	null
2020-10-10	11059.142578
2020-10-11	11296.082031
2020-10-12	null
2020-10-13	null
2020-10-14	11429.047852
2020-10-15	11426.602539
2020-10-16	11502.828125
2020-10-17	11322.123047
2020-10-18	11355.982422
2020-10-19	11495.038086
2020-10-20	11745.974609
2020-10-21	11913.077148
2020-10-22	12801.635742
2020-10-23	12971.548828
2020-10-24	12931.574219
2020-10-25	13108.063477
2020-10-26	13031.201172
2020-10-27	13075.242188
2020-10-28	13654.214844
2020-10-29	13271.298828
2020-10-30	13437.874023
2020-10-31	13546.532227
2020-11-01	13780.995117
2020-11-02	13737.032227
2020-11-03	13550.451172
2020-11-04	13950.488281
2020-11-05	14133.733398
2020-11-06	15579.729492
2020-11-07	15565.880859
2020-11-08	14833.753906
2020-11-09	15479.595703
2020-11-10	15332.350586
2020-11-11	15290.909180
2020-11-12	15701.298828
2020-11-13	16276.440430
2020-11-14	16317.808594
2020-11-15	16068.139648
2020-11-16	15955.577148
2020-11-17	16685.691406
2020-11-18	17645.191406
2020-11-19	17803.861328
2020-11-20	17817.083984
2020-11-21	18621.316406
2020-11-22	18642.232422
2020-11-23	18370.017578
2020-11-24	18365.015625
2020-11-25	19104.410156
2020-11-26	18729.839844
2020-11-27	17153.914063
2020-11-28	17112.933594
2020-11-29	17719.634766
2020-11-30	18178.322266
2020-12-01	19633.769531
2020-12-02	18801.744141
2020-12-03	19205.925781
2020-12-04	19446.966797
2020-12-05	18698.384766
2020-12-06	19154.179688
2020-12-07	19343.128906
2020-12-08	19191.529297
2020-12-09	18320.884766
2020-12-10	18553.298828
2020-12-11	18263.929688
2020-12-12	18051.320313
2020-12-13	18806.765625
2020-12-14	19144.492188
2020-12-15	19246.919922
2020-12-16	19418.818359
2020-12-17	21308.351563
2020-12-18	22806.796875
2020-12-19	23132.865234
2020-12-20	23861.765625
2020-12-21	23474.455078
2020-12-22	22794.039063
2020-12-23	23781.974609
2020-12-24	23240.203125
2020-12-25	23733.570313
2020-12-26	24677.015625
2020-12-27	26439.373047
2020-12-28	26280.822266
2020-12-29	27081.810547
2020-12-30	27360.089844
2020-12-31	28841.574219
2021-01-01	28994.009766
2021-01-02	29376.455078
2021-01-03	32129.408203
2021-01-04	32810.949219
2021-01-05	31977.041016
2021-01-06	34013.613281
2021-01-07	36833.875000
2021-01-08	39381.765625
2021-01-09	40788.640625
2021-01-10	40254.218750
2021-01-11	38346.531250
2021-01-12	35516.359375
2021-01-13	33915.121094
2021-01-14	37325.109375
2021-01-15	39156.707031
2021-01-16	36821.648438
2021-01-17	36163.648438
2021-01-18	35792.238281
2021-01-19	36642.234375
2021-01-20	36050.113281
2021-01-21	35549.398438
2021-01-22	30817.625000
2021-01-23	32985.757813
2021-01-24	32064.376953
2021-01-25	32285.798828
2021-01-26	32358.613281
2021-01-27	32564.029297
2021-01-28	30441.041016
2021-01-29	34318.671875
2021-01-30	34295.933594
2021-01-31	34270.878906
2021-02-01	33114.578125
2021-02-02	33533.199219
2021-02-03	35510.820313
2021-02-04	37475.105469
2021-02-05	36931.546875
2021-02-06	38138.386719
2021-02-07	39250.191406
2021-02-08	38886.828125
2021-02-09	46184.992188
2021-02-10	46469.761719
2021-02-11	44898.710938
2021-02-12	47877.035156
2021-02-13	47491.203125
2021-02-14	47114.507813
2021-02-15	48696.535156
2021-02-16	47944.457031
2021-02-17	49207.277344
2021-02-18	52140.972656
2021-02-19	51675.980469
2021-02-20	55887.335938
2021-02-21	56068.566406
2021-02-22	57532.738281
2021-02-23	54204.929688
2021-02-24	48835.085938
2021-02-25	49709.082031
2021-02-26	47180.464844
2021-02-27	46344.773438
2021-02-28	46194.015625
2021-03-01	45159.503906
2021-03-02	49612.105469
2021-03-03	48415.816406
2021-03-04	50522.304688
2021-03-05	48527.031250
2021-03-06	48899.230469
2021-03-07	48918.679688
2021-03-08	51174.117188
2021-03-09	52272.968750
2021-03-10	54824.011719
2021-03-11	55963.179688
2021-03-12	57821.218750
2021-03-13	57343.371094
2021-03-14	61221.132813
2021-03-15	59267.429688
2021-03-16	55840.785156
2021-03-17	56825.828125
2021-03-18	58893.078125
2021-03-19	57850.441406
2021-03-20	58332.261719
2021-03-21	58309.914063
2021-03-22	57517.890625
2021-03-23	54511.660156
2021-03-24	54710.488281
2021-03-25	52726.746094
2021-03-26	51683.011719
2021-03-27	55137.566406
2021-03-28	55974.941406
2021-03-29	55947.898438
2021-03-30	57750.132813
2021-03-31	58930.277344
2021-04-01	58926.562500
2021-04-02	59098.878906
2021-04-03	59397.410156
2021-04-04	57604.839844
2021-04-05	58760.875000
2021-04-06	59171.933594
2021-04-07	58186.507813
2021-04-08	56099.914063
2021-04-09	58326.562500
2021-04-10	58253.777344
2021-04-11	59846.230469
2021-04-12	60175.945313
2021-04-13	59890.019531
2021-04-14	63523.753906
2021-04-15	63075.195313
2021-04-16	63258.503906
2021-04-17	61529.921875
2021-04-18	60701.886719
2021-04-19	56191.585938
2021-04-20	55681.792969
2021-04-21	56471.128906
2021-04-22	53857.105469
2021-04-23	51739.808594
2021-04-24	51143.226563
2021-04-25	50052.832031
2021-04-26	49077.792969
2021-04-27	54030.304688
2021-04-28	55036.636719
2021-04-29	54858.089844
2021-04-30	53568.664063
2021-05-01	57714.664063
2021-05-02	57825.863281
2021-05-03	56620.273438
2021-05-04	57214.179688
2021-05-05	53252.164063
2021-05-06	57441.308594
2021-05-07	56413.953125
2021-05-08	57352.765625
2021-05-09	58877.390625
2021-05-10	58250.871094
2021-05-11	55847.242188
2021-05-12	56714.531250
2021-05-13	49735.433594
2021-05-14	49682.980469
2021-05-15	49855.496094
2021-05-16	46716.636719
2021-05-17	46415.898438
2021-05-18	43488.058594
2021-05-19	42944.976563
2021-05-20	36753.667969
2021-05-21	40596.949219
2021-05-22	37371.031250
2021-05-23	37531.449219
2021-05-24	34700.363281
2021-05-25	38795.781250
2021-05-26	38393.445313
